Question,Cot,Response
What is a fruit?,A fruit is the part of a plant that holds the seeds. It usually tastes sweet or sour and grows after flowers bloom.,"A fruit is the seed container of a plant, often sweet or sour."
What is the difference between apples and oranges?,"Apples have a crunchy texture and grow in cooler climates. Oranges are juicy, have a thick peel, and grow in warm climates.",Apples are crunchy and grow in cool places; oranges are juicy and grow in warm places.
How do berries differ from stone fruits?,Berries are small and have many seeds inside. Stone fruits have one big seed or pit in the center.,Berries have many seeds; stone fruits have one big seed.
What is the difference between ripe and unripe fruit?,"Ripe fruits are ready to eat, soft, and sweet. Unripe fruits are hard and sour and need more time to grow.",Ripe fruits are soft and sweet; unripe fruits are hard and sour.
How do citrus fruits differ from tropical fruits?,"Citrus fruits like lemons and oranges are sour and grow in warm but not very hot places. Tropical fruits like mango and pineapple grow in very hot, humid places.","Citrus fruits are sour and grow in warm places; tropical fruits grow in hot, humid places."
Why do some fruits have thick skins and others thin?,Thick skins protect fruits from insects and weather. Thin skins are easier to eat but less protective.,Thick skins protect fruit; thin skins are easier to eat.
What is the difference between fruits and vegetables?,"Fruits grow from flowers and contain seeds. Vegetables are other parts of plants like leaves, stems, or roots.",Fruits have seeds; vegetables are other plant parts.
How do seedless fruits differ from regular fruits?,Seedless fruits don’t have seeds because of special growing methods. Regular fruits have seeds inside.,Seedless fruits have no seeds; regular fruits have seeds.
What is the difference between a fruit and a nut?,Fruits usually have soft flesh around seeds. Nuts have a hard shell and are dry inside.,Fruits are soft with seeds; nuts have hard shells.
How do fresh fruits differ from dried fruits?,"Fresh fruits contain water and are juicy. Dried fruits have had water removed, making them chewy and sweeter.",Fresh fruits are juicy; dried fruits are chewy and sweet.
When did Einstein die?,"He passed away in the mid-20th century, leaving a lasting scientific legacy.",Einstein died in 1955.
